{
	"description": "项目配置文件",
	"packOptions": {
		"ignore": []
	},
	"cloudfunctionRoot": "clouldFn/",
	"setting": {
		"urlCheck": false,
		"es6": true,
		"postcss": true,
		"minified": true,
		"newFeature": true,
		"coverView": true,
		"autoAudits": false,
		"checkInvalidKey": true,
		"checkSiteMap": true,
		"uploadWithSourceMap": true,
		"babelSetting": {
			"ignore": [],
			"disablePlugins": [],
			"outputPath": ""
		}
	},
	"compileType": "miniprogram",
	"libVersion": "2.9.0",
	"appid": "wxabb87cbb3d01c2c8",
	"projectname": "%E4%B8%AD%E8%8D%AF%E6%BA%AF%E6%BA%90%E7%B3%BB%E7%BB%9F",
	"debugOptions": {
		"hidedInDevtools": []
	},
	"isGameTourist": false,
	"simulatorType": "wechat",
	"simulatorPluginLibVersion": {},
	"condition": {
		"search": {
			"current": -1,
			"list": []
		},
		"conversation": {
			"current": -1,
			"list": []
		},
		"plugin": {
			"current": -1,
			"list": []
		},
		"game": {
			"currentL": -1,
			"list": []
		},
		"gamePlugin": {
			"current": -1,
			"list": []
		},
		"miniprogram": {
			"current": -1,
			"list": [
				{
					"id": 0,
					"name": "scan",
					"pathName": "pages/scan/scan",
					"query": "",
					"scene": null
				},
				{
					"id": -1,
					"name": "users",
					"pathName": "pages/users/users",
					"query": "",
					"scene": null
				},
				{
					"id": -1,
					"name": "pages/herb/herb",
					"pathName": "pages/herb/herb",
					"query": "",
					"scene": null
				},
				{
					"id": -1,
					"name": "collect",
					"pathName": "collect",
					"query": "",
					"scene": null
				},
				{
					"id": -1,
					"name": "pages/help/help",
					"pathName": "pages/help/help",
					"query": "",
					"scene": null
				},
				{
					"id": -1,
					"name": "pages/herb/herb",
					"pathName": "pages/herb/herb",
					"scene": null
				}
			]
		}
	}
}